quantity,value,uncertainty
d_s,4.082,0.125
ratio_observed,1.969965841872865,0.027859524109883377
ratio_predicted,1.9606147934678195,0.057673798839326336
delta,0.009351048405045415,0.06405013783114173
n_sigma,0.14599575772495613,0
frac_err_pct,0.47468073843124536,0
