{
  "script": "run_qng_qm_bridge_v1.py",
  "dataset_id": "DS-002",
  "seed": 3401,
  "n_nodes": 280,
  "mean_degree": 9.3714,
  "n_modes_total": 20,
  "K_eff": 19,
  "n_iter_power": 500,
  "m_eff_sq": 0.014,
  "m_eff": 0.1183216,
  "spectral_gap_mu1": 0.01108589,
  "omega_min": 0.15838527,
  "omega_max": 0.53239763,
  "omega_mean": 0.35279953,
  "E0": 3.351596,
  "E0_per_mode": 0.1764,
  "mean_heisenberg_product": 0.5,
  "heisenberg_dev": 0.0,
  "ols_slope_G_vs_r": -0.01366693,
  "ols_r2_G_vs_r": 0.381234,
  "mean_G_diag": 0.10932633,
  "run_utc": "2026-03-08T13:50:10.329685Z",
  "elapsed_s": 4.261,
  "decision": "pass"
}