{
  "script": "run_qng_qm_bridge_v1.py",
  "dataset_id": "DS-002",
  "seed": 3401,
  "n_nodes": 280,
  "mean_degree": 9.3714,
  "n_modes_total": 20,
  "K_eff": 19,
  "n_iter_power": 350,
  "m_eff_sq": 0.014,
  "m_eff": 0.1183216,
  "spectral_gap_mu1": 0.01078169,
  "omega_min": 0.157422,
  "omega_max": 0.53239763,
  "omega_mean": 0.35278752,
  "E0": 3.351481,
  "E0_per_mode": 0.176394,
  "mean_heisenberg_product": 0.5,
  "heisenberg_dev": 0.0,
  "ols_slope_G_vs_r": -0.0135516,
  "ols_r2_G_vs_r": 0.376469,
  "mean_G_diag": 0.10934685,
  "run_utc": "2026-03-01T01:20:30.815412Z",
  "elapsed_s": 2.34,
  "decision": "pass"
}