{
  "script": "run_qng_qm_bridge_v1.py",
  "dataset_id": "DS-006",
  "seed": 3401,
  "n_nodes": 320,
  "mean_degree": 10.5687,
  "n_modes_total": 20,
  "K_eff": 19,
  "n_iter_power": 500,
  "m_eff_sq": 0.014,
  "m_eff": 0.1183216,
  "spectral_gap_mu1": 0.0104615,
  "omega_min": 0.15640172,
  "omega_max": 0.51093466,
  "omega_mean": 0.34725966,
  "E0": 3.298967,
  "E0_per_mode": 0.17363,
  "mean_heisenberg_product": 0.5,
  "heisenberg_dev": 0.0,
  "ols_slope_G_vs_r": -0.01066453,
  "ols_r2_G_vs_r": 0.413928,
  "mean_G_diag": 0.09696799,
  "run_utc": "2026-03-07T23:35:13.896973Z",
  "elapsed_s": 6.458,
  "decision": "pass"
}