{
  "dataset_id": "DS-002",
  "seed": 3401,
  "n_nodes": 280,
  "mean_degree": 9.464285714285714,
  "h2_ms": 0.14325363446389805,
  "median_edge": 0.35940511998035335,
  "area_A": 21.159999999999997,
  "alpha_weyl": 0.021268646768989593,
  "m_cross": 94,
  "m_fit": 47,
  "n_lanczos_steps": 275,
  "n_eigenvalues": 275,
  "thresholds": {
    "g6a_zero_eig_max": 1e-06,
    "g6b_fiedler_min": 0.001,
    "g6c_slope_rel_tol": 0.25,
    "g6d_r2_min": 0.95
  },
  "results": {
    "mu_0": 3.119930607346251e-10,
    "mu_1_fiedler": 0.010764981624670326,
    "mu_max": 1.4072720100032168,
    "slope_meas": 0.0182244064154439,
    "slope_weyl": 0.021268646768989593,
    "slope_rel": 0.8568672287141325,
    "r2_continuum": 0.9915020513330205,
    "decision": "pass"
  }
}