scope,dataset_id,n,v1_pass,v2_pass,improved,degraded,uplift_pp,failcase_uplift_pp,nondegrade_pass,uplift_pass
G18,DS-002,500,483,491,8,0,1.600000,47.058824,true,true
G18,DS-003,500,466,482,16,0,3.200000,47.058824,true,true
G18,DS-006,500,491,494,3,0,0.600000,33.333333,true,true
QM_LANE,DS-002,500,482,490,8,0,1.600000,44.444444,true,true
QM_LANE,DS-003,500,464,480,16,0,3.200000,44.444444,true,true
QM_LANE,DS-006,500,480,483,3,0,0.600000,15.000000,true,true
