mission_id,n_points,tau_hat,directionality,amp_median
Cassini,120,2.809478e-09,0.991667,1.972295e-09
Galileo,120,2.772350e-09,0.975000,2.161124e-09
Juno,120,2.706777e-09,0.983333,1.727267e-09
NEAR,120,2.802295e-09,0.900000,1.554509e-09
Pioneer,120,2.795559e-09,0.975000,2.408448e-09
Rosetta,120,2.765175e-09,0.966667,1.797291e-09
