tau,residual_norm,linear_fit
1.000000,0.239882,0.240579
0.750000,0.181857,0.180084
0.500000,0.117861,0.119589
0.250000,0.059967,0.059094
0.100000,0.024299,0.022797
0.050000,0.007683,0.010698
0.010000,0.002309,0.001018
