mission_id,n_points,tau_hat,directionality,amp_median
Galileo,1,0.003051,1.000000,4.391835e-07
NEAR,1,0.002579,1.000000,1.330712e-06
Pioneer10,1,3.999269e-04,1.000000,2.710989e-10
Pioneer10+11,1,3.058760e-04,1.000000,3.544566e-10
Pioneer11,1,1.051073e-04,1.000000,1.124930e-09
Rosetta,1,0.001820,1.000000,1.726578e-07
