gate,dataset_id,n,v2_pass,v3_pass,improved,degraded,uplift_pp,failcase_uplift_pp,nondegrade_pass
G11,DS-004,200,199,199,0,0,0.000000,0.000000,true
G11,DS-008,200,199,199,0,0,0.000000,0.000000,true
G12,DS-004,200,200,200,0,0,0.000000,0.000000,true
G12,DS-008,200,200,200,0,0,0.000000,0.000000,true
STAGE3,DS-004,200,199,199,0,0,0.000000,0.000000,true
STAGE3,DS-008,200,199,199,0,0,0.000000,0.000000,true
