mission_id,n_points,tau_hat,directionality,amp_median
Galileo,2,-0.005295,0.500000,2.948027e-07
NEAR,1,0.002579,1.000000,1.260435e-06
Pioneer10,1,3.999269e-04,1.000000,2.567818e-10
Pioneer10+11,1,3.058760e-04,1.000000,3.357372e-10
Pioneer11,1,1.051073e-04,1.000000,1.065521e-09
