tau,residual_norm,linear_fit
1.000000,0.235831,0.238436
0.750000,0.181777,0.179252
0.500000,0.120516,0.120069
0.250000,0.062919,0.060886
0.100000,0.025517,0.025376
0.050000,0.013307,0.013539
0.010000,0.001761,0.004070
