split_seed,v11_seed_decision,v12_seed_decision,v11_generalization_gap_pp,v12_generalization_gap_pp,delta_gap_pp_v12_minus_v11,v11_holdout_mond_worse_pct,v12_holdout_mond_worse_pct,delta_holdout_mond_worse_pct_v12_minus_v11,v11_holdout_chi2_per_n_dual,v12_holdout_chi2_per_n_dual,delta_holdout_chi2_per_n_dual_v12_minus_v11
3401,HOLD,HOLD,20.359415,20.974922,0.615507,-25.513787,-25.724236,-0.210449,34.777774,34.679515,-0.098259
3402,PASS,PASS,8.219630,7.939716,-0.279914,-4.531373,-8.688388,-4.157015,55.947301,53.511174,-2.436127
3403,HOLD,HOLD,29.986314,33.176771,3.190457,-20.886773,-19.987522,0.899251,149.983982,151.688795,1.704813
3404,HOLD,HOLD,12.065121,12.083704,0.018583,12.504760,12.576971,0.072211,56.124541,56.160564,0.036023
3405,PASS,PASS,6.792102,6.096826,-0.695276,-17.455957,-18.876807,-1.420850,35.578805,34.966379,-0.612426
