mission_id,n_points,tau_hat,directionality,amp_median
Galileo,1,-0.005537,0.000000,1.813811e-07
NEAR,1,0.002579,1.000000,1.316811e-06
Pioneer10,1,3.999269e-04,1.000000,2.682669e-10
Pioneer10+11,1,3.058760e-04,1.000000,3.507538e-10
Pioneer11,1,1.051073e-04,1.000000,1.113179e-09
Rosetta,1,0.001820,1.000000,1.708542e-07
