{
  "test_id": "d9-cross-validation-v1",
  "timestamp_utc": "2026-03-07T00:48:15Z",
  "dataset": "SPARC rotmod (DS006)",
  "method": "5-fold cross-validation, frozen parameters",
  "a0_si": 1.2e-10,
  "results": {
    "fold_results": [
      {
        "fold": 1,
        "n_train_gal": 140,
        "n_test_gal": 35,
        "n_train_pts": 2594,
        "n_test_pts": 797,
        "train_k": 0.8702108110754939,
        "train_gdag_over_a0": 0.5675358539765321,
        "train_gdag_mond_over_a0": 0.3645219005325222,
        "train_chi2_per_n_m8c": 90.31373959293703,
        "train_chi2_per_n_mond": 106.25859696565577,
        "test_chi2_per_n_m8c": 47.75410620121619,
        "test_chi2_per_n_mond": 56.14960004519323,
        "test_ratio_m8c_over_mond": 0.850479899461087,
        "test_beats_mond": true
      },
      {
        "fold": 2,
        "n_train_gal": 140,
        "n_test_gal": 35,
        "n_train_pts": 2726,
        "n_test_pts": 665,
        "train_k": 0.753029706011102,
        "train_gdag_over_a0": 0.5983050847457628,
        "train_gdag_mond_over_a0": 0.29828097105255325,
        "train_chi2_per_n_m8c": 85.89905044577003,
        "train_chi2_per_n_mond": 96.6591493098141,
        "test_chi2_per_n_m8c": 65.30240737761719,
        "test_chi2_per_n_mond": 95.3869874362494,
        "test_ratio_m8c_over_mond": 0.684604987879098,
        "test_beats_mond": true
      },
      {
        "fold": 3,
        "n_train_gal": 140,
        "n_test_gal": 35,
        "n_train_pts": 2753,
        "n_test_pts": 638,
        "train_k": 0.881123013751409,
        "train_gdag_over_a0": 0.5983050847457628,
        "train_gdag_mond_over_a0": 0.36470496691285437,
        "train_chi2_per_n_m8c": 89.35954641405266,
        "train_chi2_per_n_mond": 106.9590475807338,
        "test_chi2_per_n_m8c": 42.824557348713995,
        "test_chi2_per_n_mond": 40.64913360226734,
        "test_ratio_m8c_over_mond": 1.0535170999641015,
        "test_beats_mond": false
      },
      {
        "fold": 4,
        "n_train_gal": 140,
        "n_test_gal": 35,
        "n_train_pts": 2727,
        "n_test_pts": 664,
        "train_k": 0.8694608230828499,
        "train_gdag_over_a0": 0.5460234680573665,
        "train_gdag_mond_over_a0": 0.3383178921545882,
        "train_chi2_per_n_m8c": 83.15203989091425,
        "train_chi2_per_n_mond": 99.60860902814659,
        "test_chi2_per_n_m8c": 69.9478203216196,
        "test_chi2_per_n_mond": 73.9975654092872,
        "test_ratio_m8c_over_mond": 0.945271914484374,
        "test_beats_mond": true
      },
      {
        "fold": 5,
        "n_train_gal": 140,
        "n_test_gal": 35,
        "n_train_pts": 2764,
        "n_test_pts": 627,
        "train_k": 0.845879214509798,
        "train_gdag_over_a0": 0.6710995219469795,
        "train_gdag_mond_over_a0": 0.41863010105748555,
        "train_chi2_per_n_m8c": 49.92530881241892,
        "train_chi2_per_n_mond": 59.734112462037814,
        "test_chi2_per_n_m8c": 222.5990750584782,
        "test_chi2_per_n_mond": 258.3138019922479,
        "test_ratio_m8c_over_mond": 0.8617389908772993,
        "test_beats_mond": true
      }
    ],
    "summary": {
      "n_folds": 5,
      "n_galaxies": 175,
      "beats_count": 4,
      "mean_ratio_m8c_over_mond": 0.879122578533192,
      "median_ratio": 0.8617389908772993,
      "std_ratio": 0.12144864676890367,
      "improve_pct_vs_mond": 12.087742146680803,
      "mean_test_chi2_m8c": 89.68559326152904,
      "mean_test_chi2_mond": 104.89941769704902,
      "verdict": "STRONG_PASS",
      "seed": 42
    }
  }
}