quantity,value,uncertainty
A2/A1_obs,0.439257617858857,0.00878515235717714
A3/A1_obs,0.4268192707981591,0.008536385415963183
A2/A1_LCDM_expected,0.44,0.02
Planck_Omega_b,0.049301692328524445,0
Planck_Omega_m,0.3151605723280731,0
Sigma_hist_over_Sigma_inst,6.3924899418864545,0
Omega_DM_QNG,0.26585887999954866,0.02
Omega_DM_obs,0.274,0.02
n_sigma,0.28783205793862937,0
