peak,ell,amplitude
1,190.0,6063.333788
2,556.0,2663.3655559999997
3,829.0,2587.947706
