n_modes,gamma,r2,err_pct,n_profile_pts
5,0.564435,0.970997,69.49,4
10,1.107963,0.953318,40.11,4
18,1.613413,0.957961,12.79,4
25,1.801997,0.973234,2.59,4
35,1.800909,0.987431,2.65,4
50,1.597852,0.919817,13.63,4
65,1.384852,0.816386,25.14,4
80,1.358471,0.860747,26.57,4
100,1.281802,0.791949,30.71,4
120,1.115143,0.454838,39.72,4
