gate,dataset_id,n,v2_pass,v3_pass,improved,degraded,uplift_pp,failcase_uplift_pp,nondegrade_pass
G11,DS-002,200,199,200,1,0,0.500000,100.000000,true
G11,DS-003,200,199,200,1,0,0.500000,100.000000,true
G11,DS-006,200,199,200,1,0,0.500000,100.000000,true
G12,DS-002,200,200,200,0,0,0.000000,0.000000,true
G12,DS-003,200,200,200,0,0,0.000000,0.000000,true
G12,DS-006,200,200,200,0,0,0.000000,0.000000,true
STAGE3,DS-002,200,199,200,1,0,0.500000,100.000000,true
STAGE3,DS-003,200,199,200,1,0,0.500000,100.000000,true
STAGE3,DS-006,200,199,200,1,0,0.500000,100.000000,true
