{
  "original": {
    "gamma": 0.8396774228419923,
    "R2": 0.9982036709059854
  },
  "permuted": {
    "gamma_mean": 0.8647825474684336,
    "gamma_std": 0.03639566275117036,
    "R2_mean": 0.9977386664888678,
    "n_valid": 25,
    "delta_vs_original": 0.025105124626441322,
    "frac_within_03": 1.0
  },
  "gammas_permuted": [
    0.8450714006289753,
    0.9120788195367121,
    0.9520357561209943,
    0.8816016611338025,
    0.8655002567068979,
    0.8693267660991421,
    0.8000900979943956,
    0.8806799475741878,
    0.8606592320538541,
    0.9053609218006335,
    0.8669798585844605,
    0.8648549521391854,
    0.8639775835140034,
    0.8140305506301944,
    0.8426606835548043,
    0.8977460477117959,
    0.8444205790496824,
    0.8506826159600782,
    0.7810021360727025,
    0.8751762627394704,
    0.844051724891813,
    0.8419255379880053,
    0.8639125614890644,
    0.890548239486259,
    0.9051894932497304
  ],
  "gates": {
    "ST4a": {
      "passed": true,
      "value": 0.025105124626441322
    },
    "ST4b": {
      "passed": true,
      "value": 0.03639566275117036
    },
    "ST4c": {
      "passed": true,
      "value": 0.9977386664888678
    },
    "ST4d": {
      "passed": true,
      "value": 1.0
    }
  },
  "summary": {
    "n_pass": 4,
    "n_total": 4,
    "all_pass": true,
    "timestamp": "2026-03-22T11:15:24.881919Z",
    "runtime_s": 129.237747
  }
}