mission_id,n_points,tau_hat,directionality,amp_median
Galileo,2,-0.005295,0.500000,4.615674e-06
Juno,1,0.000000,0.000000,7.203235e-06
NEAR,1,0.002579,1.000000,1.973441e-05
Rosetta,1,0.001820,1.000000,2.560510e-06
SolarOrbiter,1,0.000000,0.000000,4.507259e-06
