mission_id,n_points,tau_hat,directionality,amp_median
Cassini,120,2.626207e-09,0.933333,1.786996e-09
Galileo,120,2.607437e-09,0.958333,2.156297e-09
Juno,120,2.568425e-09,0.916667,1.955388e-09
NEAR,120,2.586752e-09,0.958333,1.723631e-09
Pioneer,120,2.624377e-09,0.941667,1.669863e-09
Rosetta,120,2.659521e-09,0.958333,2.364096e-09
