mission_id,n_points,tau_hat,directionality,amp_median
Galileo,2,-0.005295,0.500000,3.075832e-07
NEAR,1,0.002579,1.000000,1.315078e-06
Pioneer10,1,3.999269e-04,1.000000,2.679139e-10
Pioneer11,1,1.051073e-04,1.000000,1.111714e-09
Rosetta,1,0.001820,1.000000,1.706294e-07
