quantity,value
d_s,4.082
ell_D_T,576.144
ell_D_P,1134.984
ell_A,282.28515433610977
B_TT_pred,0.6126534091727267
B_EE_pred,0.7798038282569963
B_TE_pred,0.691194237438068
sigma_B_pred,0.009191975591336788
sigma_B_fit,0.0125
sigma_B_total,0.015515876232805266
B_TT_fitted,0.625
delta_B,0.012346590827273296
n_sigma,0.7957391926837403
