name,d_s,r2,P_mid
REF  2D k-NN,1.5034,0.9811,0.037286
A    4D Lattice,2.0816,0.9991,0.000000
A2   4D Lattice+10%,-1.2746,0.0219,0.002031
A3   4D Lattice+20%,-0.7667,0.0130,0.002695
B1   BA m=2,0.0736,0.0001,0.002821
B2   BA m=4,0.8597,0.1270,0.003964
C    Multi-scale ER,1.0956,0.8152,0.007929
