chi_scale,sigma_bin,n_profiles,all_pass_rate,energy_pass_rate,structural_pass_rate
0.50,"[0.60,0.80]",540,0.550000,0.550000,1.000000
1.00,"[0.60,0.80]",540,0.562963,0.562963,1.000000
1.50,"[0.60,0.80]",540,0.396296,0.396296,1.000000
