shell_bfs,mean_G0,mean_Gheavy
1,0.01831652039461782,0.008905035764467306
2,0.0031011932493949733,0.0009590843966729365
3,0.0010903265552953576,0.00018513214241313084
