shell_bfs,mean_G0,mean_Gm,ratio_G0_Gm
1,0.05166911708547552,0.026869846874798833,1.9229405112068527
2,0.036793282762047096,0.01284411305122332,2.864602842976594
3,0.034271575607041936,0.010544091126273903,3.250311022222065
4,0.03354192761506705,0.009902211223724805,3.387316919144647
5,0.032567271048394644,0.00908958997918944,3.582919705174514
