shell_bfs,mean_G0,mean_Gheavy
1,0.01845196018422048,0.008706717000578212
2,0.0030154202793619793,0.0009072454312631074
3,0.0009333308141547024,0.00018029890318309964
