shell_dist,mean_G_m,mean_G_m0,ratio_m0_m,yukawa_val
1,0.0268698468748432,3571.445063930295,132916.46508317275,-3.069027997606293
2,0.012844113051263647,3571.4297287722243,278059.66161445883,-3.2594245859097417
3,0.010544091126313195,3571.4270842198193,338713.6019061124,-2.909021986263447
4,0.009902211223763694,3571.426304545491,360669.57408206456,-2.4241069608254255
5,0.009089589979227663,3571.4252334060857,392913.78836315207,-1.9620126910798978
