{
  "gate": "G23",
  "version": "v1",
  "timestamp": "2026-03-20T13:56:10Z",
  "seed": 3401,
  "n_nodes": 280,
  "k_init": 8,
  "k_conn": 8,
  "m_sq": 0.3,
  "m": 0.5477225575051661,
  "n_sources": 20,
  "shells": [
    1,
    2,
    3,
    4,
    5
  ],
  "mean_G_m": [
    0.0268698468748432,
    0.012844113051263647,
    0.010544091126313195,
    0.009902211223763694,
    0.009089589979227663
  ],
  "mean_G_m0": [
    3571.445063930295,
    3571.4297287722243,
    3571.4270842198193,
    3571.426304545491,
    3571.4252334060857
  ],
  "slope_logG_logr": -0.6632951198539182,
  "r2_slope": 0.9229082225547643,
  "yukawa_cv": 0.1933795274086864,
  "ratio_near": 132916.46508317275,
  "ratio_far": 392913.78836315207,
  "ratio_growth": 2.956095680977413,
  "lambda_min_screened": 9.436348653773273,
  "gap_ratio": 31.454495512577576,
  "thresholds": {
    "g23a_slope_max": -0.03,
    "g23b_yukawa_cv": 0.5,
    "g23c_ratio_growth": 1.2,
    "g23d_gap_frac": 0.9
  },
  "gates": {
    "g23a": "PASS",
    "g23b": "PASS",
    "g23c": "PASS",
    "g23d": "PASS"
  },
  "all_pass": true,
  "elapsed_s": 0.88
}