channel_id,n_samples,tau_fit,chi_fit,chi2_baseline,chi2_memory,delta_chi2,corr_model,snr_like
GPS-A,1200,36.000000,3.759950e-07,5.999508e+05,1485.133371,-5.984657e+05,0.998762,20.074137
GPS-B,1200,36.000000,3.590637e-07,6.962693e+05,1535.383632,-6.947339e+05,0.998897,21.271632
GW150914,1200,36.000000,3.205329e-07,6.807019e+05,1585.611182,-6.791163e+05,0.998835,20.695396
GW170817,1200,36.000000,3.276224e-07,6.123309e+05,1557.880647,-6.107730e+05,0.998727,19.800349
PSR-B1534,1200,36.000000,3.430762e-07,6.885818e+05,1527.374373,-6.870544e+05,0.998890,21.209128
PSR-J0737,1200,36.000000,3.111932e-07,6.728779e+05,1563.248399,-6.713146e+05,0.998838,20.722830
