scope,dataset_id,n,v1_pass,v2_pass,improved,degraded,uplift_pp,failcase_uplift_pp,nondegrade_pass
G17,DS-002,200,200,200,0,0,0.000000,0.000000,true
G17,DS-003,200,200,200,0,0,0.000000,0.000000,true
G17,DS-006,200,197,200,3,0,1.500000,100.000000,true
QM_LANE,DS-002,200,200,200,0,0,0.000000,0.000000,true
QM_LANE,DS-003,200,200,200,0,0,0.000000,0.000000,true
QM_LANE,DS-006,200,197,200,3,0,1.500000,100.000000,true
