mission_id,n_points,tau_hat,directionality,amp_median
Galileo,2,-0.005295,0.500000,1.465403e-06
NEAR,1,0.002579,1.000000,6.265361e-06
Pioneer10,1,3.999269e-04,1.000000,1.276409e-09
Pioneer10+11,1,3.058760e-04,1.000000,1.668879e-09
Rosetta,1,0.001820,1.000000,8.129208e-07
