feature,n,n_fail,n_pass,mean_fail,mean_pass,delta_fail_minus_pass,pearson_with_g17b_fail
g17b_propagator_slope,2500,115,2385,-0.009502,-0.015177,0.005674,0.356442
g17b_margin_to_threshold,2500,115,2385,0.000498,-0.005177,0.005674,0.356442
g19d_thermal_slope,2500,115,2385,-0.000025,-0.000056,0.000031,0.179075
g18d_spectral_dimension_ds,2500,115,2385,1.349005,1.318447,0.030558,0.067823
g19_fail_flag,2500,115,2385,0.017391,0.003774,0.013618,0.043101
g17a_spectral_gap,2500,115,2385,0.010753,0.010970,-0.000217,-0.031632
g18_fail_flag,2500,115,2385,0.043478,0.064990,-0.021511,-0.018412
g17a_fail_flag,2500,115,2385,0.000000,0.002096,-0.002096,-0.009830
multi_peak_mixing_flag,2500,115,2385,1.000000,0.999581,0.000419,0.004393
