mission_id,n_points,tau_hat,directionality,amp_median
Cassini,120,2.642983e-09,0.941667,2.083112e-09
Galileo,120,2.615410e-09,0.941667,1.817736e-09
Juno,120,2.685613e-09,0.958333,2.119677e-09
NEAR,120,2.697337e-09,0.966667,1.799926e-09
Pioneer,120,2.840464e-09,0.933333,2.006475e-09
Rosetta,120,2.760873e-09,0.966667,1.514656e-09
