r,C_total,C_dark,C_spatial,f_dark
1,0.052850562769637115,0.015092040263009225,0.03775852250662789,0.28556063496980716
2,0.030099931396305363,0.015092040263009225,0.015007891133296139,0.5013978292608902
3,0.009485305561178896,0.015092040263009225,-0.005606734701830329,1.591096898847135
4,0.006740895237977543,0.015092040263009225,-0.008351145025031682,2.2388777351088547
5,0.01248737364119972,0.015092040263009225,-0.002604666621809505,1.2085840222811866
