{
  "C_dark": 0.015092040263009225,
  "omega_0": 0.11832159566199232,
  "f_dark_r1": 0.28556063496980716,
  "f_dark_rmax": 1.2085840222811866,
  "r_star": 1.9935236868442376,
  "pearson_f_r": 0.7095810156158101,
  "E_dark": 0.05916079783099616,
  "E_0_partial": 43.50466521382048,
  "gates": {
    "G35a": {
      "passed": true,
      "value": 0.015092040263009225
    },
    "G35b": {
      "passed": true,
      "value": 1.2085840222811866
    },
    "G35c": {
      "passed": true,
      "value": 0.7095810156158101
    },
    "G35d": {
      "passed": true,
      "value": 1.2085840222811866
    }
  },
  "summary": {
    "n_pass": 4,
    "n_total": 4,
    "all_pass": true,
    "timestamp": "2026-03-22T14:21:05.668203Z",
    "runtime_s": 0.001
  }
}