mission_id,n_points,tau_hat,directionality,amp_median
Galileo,2,-0.005295,0.500000,2.795148e-07
Pioneer10,1,3.999269e-04,1.000000,2.434656e-10
Pioneer10+11,1,3.058760e-04,1.000000,3.183265e-10
Pioneer11,1,1.051073e-04,1.000000,1.010265e-09
Rosetta,1,0.001820,1.000000,1.550587e-07
