quantity,value,uncertainty
p_D_T,1.119,0.05595
d_s,4.082,0.125
n_s_QNG,0.9416952474277315,0.02747111395226863
n_s_Planck,0.9649,0.0042
delta,-0.023204752572268506,0.0277903238876147
n_sigma,0.834993959268325,0
