gate,dataset_id,n,v2_pass,v3_pass,improved,degraded,uplift_pp,failcase_uplift_pp,nondegrade_pass
G11,DS-002,500,484,490,6,0,1.200000,37.500000,true
G11,DS-003,500,472,483,11,0,2.200000,39.285714,true
G11,DS-006,500,494,494,0,0,0.000000,0.000000,true
G12,DS-002,500,494,494,0,0,0.000000,0.000000,true
G12,DS-003,500,489,491,2,0,0.400000,18.181818,true
G12,DS-006,500,492,496,4,0,0.800000,50.000000,true
STAGE3,DS-002,500,480,485,5,0,1.000000,25.000000,true
STAGE3,DS-003,500,465,475,10,0,2.000000,28.571429,true
STAGE3,DS-006,500,488,492,4,0,0.800000,33.333333,true
