split_seed,shift_rank,n_train_galaxies,n_holdout_galaxies,n_train_points,n_holdout_points,train_low_accel_outer_frac,holdout_low_accel_outer_frac,delta_low_accel_outer_frac,train_mean_log10_gbar,holdout_mean_log10_gbar,delta_mean_log10_gbar,train_p90_r,holdout_p90_r,delta_p90_r,split_shift_score,v10_seed_decision,v10_generalization_gap_pp,v10_holdout_mond_worse_pct
3402,1,122,53,2411,980,0.411862,0.306122,0.105740,3.091418,3.257695,0.166277,28.100000,17.980000,10.120000,0.778017,PASS,8.156530,-12.195122
3403,2,122,53,2484,907,0.400161,0.329658,0.070503,3.153233,3.101785,0.051448,26.050000,22.960000,3.090000,0.276451,HOLD,41.930063,-10.584701
3405,3,122,53,2429,962,0.358584,0.438669,0.080086,3.166095,3.072251,0.093845,25.240000,25.190000,0.050000,0.176430,PASS,2.931473,-15.815528
3404,4,122,53,2427,964,0.368356,0.413900,0.045544,3.164258,3.077071,0.087187,25.200000,25.700000,0.500000,0.157732,PASS,13.119110,-7.542115
3401,5,122,53,2321,1070,0.382163,0.379439,0.002724,3.171272,3.070494,0.100778,25.510000,24.940000,0.570000,0.132001,PASS,16.277934,-12.717870
