component,role,ra_hms,dec_dms,ra_deg,dec_deg,mx_1e12_msun,mstar_1e12_msun,kbar,source
main_cluster,bcg,06:58:35.3,-55:56:56.3,104.6470833333,-55.9489722222,5.5,0.54,0.36,Clowe_2006_ApJ_648_L109 Table 2
main_cluster,plasma,06:58:30.2,-55:56:35.9,104.6258333333,-55.9433055556,6.6,0.23,0.05,Clowe_2006_ApJ_648_L109 Table 2
subcluster,bcg,06:58:16.0,-55:56:35.1,104.5666666667,-55.9430833333,2.7,0.58,0.20,Clowe_2006_ApJ_648_L109 Table 2
subcluster,plasma,06:58:21.2,-55:56:30.0,104.5883333333,-55.9416666667,5.8,0.12,0.02,Clowe_2006_ApJ_648_L109 Table 2
