k,n_edges,mu1,A,slope_A,r2_A,A_times_mu1
4,711,0.67848158,0.08851703,-2.15500838,0.99037446,0.06005718
6,1017,1.67824078,0.03558234,-2.45550400,0.99264892,0.05971573
8,1313,2.68914024,0.01984522,-2.79150819,0.99914012,0.05336658
10,1598,3.80028440,0.01124078,-2.64534496,0.99518629,0.04271817
12,1878,4.92838808,0.00762199,-2.55389215,0.98467524,0.03756414
