k,n_edges,mu1,A,slope_A,r2_A,A_times_mu1
4,709,0.64145990,0.08227980,-1.95635199,0.98807159,0.05277919
6,1007,1.64313051,0.03463936,-2.52515733,0.99638536,0.05691699
8,1304,2.74940106,0.01873200,-2.71874945,0.99976983,0.05150177
10,1594,3.84619261,0.01102540,-2.72735067,0.99817763,0.04240582
12,1896,5.14657964,0.00757522,-2.69000381,0.99125280,0.03898649
