scope,dataset_id,n,v1_pass,v2_pass,improved,degraded,uplift_pp,failcase_uplift_pp,nondegrade_pass,uplift_pass
G18,DS-002,500,499,500,1,0,0.200000,100.000000,true,true
G18,DS-003,500,492,499,7,0,1.400000,87.500000,true,true
G18,DS-006,500,498,500,2,0,0.400000,100.000000,true,true
QM_LANE,DS-002,500,499,500,1,0,0.200000,100.000000,true,true
QM_LANE,DS-003,500,492,499,7,0,1.400000,87.500000,true,true
QM_LANE,DS-006,500,492,493,1,0,0.200000,12.500000,true,true
