{
  "script": "run_qng_covariant_cons_v1.py",
  "dataset_id": "DS-002",
  "seed": 3401,
  "phi_scale": 0.1,
  "c_wave": 0.15,
  "dt": 0.4,
  "n_steps": 400,
  "n_nodes": 280,
  "mean_degree": 9.3714,
  "mean_alpha": 0.808269,
  "E_flat_drift": 0.11785125,
  "E_cov_drift": 0.00110381,
  "drift_ratio": 106.7677,
  "tr_err": 2.1337e-14,
  "run_utc": "2026-03-01T21:02:09.927714Z",
  "elapsed_s": 0.276,
  "decision": "pass"
}