mission_id,n_points,tau_hat,directionality,amp_median
Galileo,2,-0.005295,0.500000,3.080325e-07
Juno,1,0.000000,0.000000,4.807165e-07
NEAR,1,0.002579,1.000000,1.317000e-06
Pioneer10,1,3.999269e-04,1.000000,2.683053e-10
Pioneer10+11,1,3.058760e-04,1.000000,3.508040e-10
Pioneer11,1,1.051073e-04,1.000000,1.113338e-09
Rosetta,1,0.001820,1.000000,1.708787e-07
SolarOrbiter,1,0.000000,0.000000,3.007973e-07
