{
  "script": "run_qng_action_v1.py",
  "dataset_id": "DS-002",
  "seed": 3401,
  "phi_scale": 0.1,
  "n_nodes": 280,
  "mean_degree": 9.3714,
  "mean_R": -5.191997,
  "Lambda_eff": -2.099946,
  "G_eff_signed": -0.03589155,
  "S_EH": 2.877878,
  "S_cosmo": -2.327963,
  "S_gravity": 0.549915,
  "S_kin": -0.025474,
  "S_pot": 0.002514,
  "S_total": 0.526955,
  "m_sq_fit": -0.01402002,
  "m_sq_abs": 0.01402002,
  "closure_rel": 0.0,
  "r2_G11_T11": 0.136764,
  "frac_hessian_neg": 1.0,
  "run_utc": "2026-02-28T22:45:12.029238Z",
  "elapsed_s": 0.029,
  "decision": "pass"
}