{
  "script": "run_qng_qm_info_v1.py",
  "dataset_id": "DS-002",
  "seed": 3401,
  "n_nodes": 280,
  "mean_degree": 9.3714,
  "K_eff": 19,
  "m_eff_sq": 0.014,
  "spectral_gap_mu1": 0.01078169,
  "binary_entropy_SA": 13.130097,
  "entropy_threshold": 6.584898,
  "mean_IPR": 0.01415092,
  "n_times_mean_IPR": 3.962257,
  "mean_G_diag": 0.10934685,
  "cv_G_diag": 0.258589,
  "spectral_dim_ds": 1.28392,
  "rw_slope": -0.64196009,
  "rw_r2": 0.990739,
  "n_walks": 80,
  "n_steps": 12,
  "run_utc": "2026-03-08T13:08:12.163153Z",
  "elapsed_s": 3.962,
  "decision": "pass"
}