{
  "script": "run_qng_qm_info_v1.py",
  "dataset_id": "DS-006",
  "seed": 3401,
  "n_nodes": 320,
  "mean_degree": 10.5687,
  "K_eff": 19,
  "m_eff_sq": 0.014,
  "spectral_gap_mu1": 0.01082466,
  "binary_entropy_SA": 13.144363,
  "entropy_threshold": 6.584898,
  "mean_IPR": 0.01116221,
  "n_times_mean_IPR": 3.571908,
  "mean_G_diag": 0.09697213,
  "cv_G_diag": 0.246837,
  "spectral_dim_ds": 1.416952,
  "rw_slope": -0.70847618,
  "rw_r2": 0.994767,
  "n_walks": 80,
  "n_steps": 12,
  "run_utc": "2026-03-07T23:35:18.793899Z",
  "elapsed_s": 4.626,
  "decision": "pass"
}