t,P_t,log_t,log_P_t
1,0.000000,0.000000,nan
2,0.108214,0.693147,-2.223642
3,0.055268,1.098612,-2.895564
4,0.052232,1.386294,-2.952057
5,0.046786,1.609438,-3.062177
6,0.040848,1.791759,-3.197892
7,0.036250,1.945910,-3.317316
8,0.033393,2.079442,-3.399413
9,0.030625,2.197225,-3.485939
10,0.030179,2.302585,-3.500623
11,0.025223,2.397895,-3.679991
12,0.025268,2.484907,-3.678222
