t,P_t,log_t,log_P_t
1,0.000000,0.000000,nan
2,0.095703,0.693147,-2.346504
3,0.051836,1.098612,-2.959672
4,0.049688,1.386294,-3.002002
5,0.041992,1.609438,-3.170272
6,0.036523,1.791759,-3.309801
7,0.033438,1.945910,-3.398077
8,0.029180,2.079442,-3.534282
9,0.028203,2.197225,-3.568322
10,0.025937,2.302585,-3.652065
11,0.025039,2.397895,-3.687318
12,0.023242,2.484907,-3.761786
