split_seed,v9_seed_decision,v10_seed_decision,v9_generalization_gap_pp,v10_generalization_gap_pp,delta_gap_pp_v10_minus_v9,v9_holdout_mond_worse_pct,v10_holdout_mond_worse_pct,delta_holdout_mond_worse_pct_v10_minus_v9,v9_holdout_chi2_per_n_dual,v10_holdout_chi2_per_n_dual,delta_holdout_chi2_per_n_dual_v10_minus_v9
3401,PASS,PASS,16.374510,16.277934,-0.096576,-13.371242,-12.717870,0.653372,40.447155,40.752216,0.305061
3402,PASS,PASS,8.154206,8.156530,0.002324,-12.212843,-12.195122,0.017721,51.445744,51.456129,0.010385
3403,HOLD,HOLD,41.796044,41.930063,0.134019,-10.803437,-10.584701,0.218736,169.100115,169.514797,0.414682
3404,PASS,PASS,13.005879,13.119110,0.113231,-7.003602,-7.542115,-0.538513,46.392527,46.123883,-0.268644
3405,PASS,PASS,2.967731,2.931473,-0.036258,-15.982875,-15.815528,0.167347,36.213745,36.285876,0.072131
