mission_id,n_points,tau_hat,directionality,amp_median
Cassini,1,0.013290,1.000000,4.527604e-08
Pioneer10,1,3.999269e-04,1.000000,2.341182e-10
Pioneer11,1,1.051073e-04,1.000000,9.714782e-10
