amp,drift_flat,drift_cov,ratio
0.001,0.08274115070006283,0.0004306192374856632,192.14457575834047
0.01,0.08274115070006338,0.00043061923748632935,192.14457575804454
0.05,0.08274115070006305,0.0004306192374859963,192.1445757581924
0.1,0.08274115070006305,0.0004306192374859963,192.1445757581924
0.5,0.08274115070006327,0.0004306192374864404,192.14457575799474
1.0,0.08274115070006327,0.0004306192374864404,192.14457575799474
5.0,0.08274115070006383,0.0004306192374866624,192.14457575789694
10.0,0.08274115070006383,0.0004306192374866624,192.14457575789694
