n,gamma_mean,gamma_std,R2_mean,n_valid
80,0.448146,0.039470,0.988475,6
120,0.620341,0.049805,0.990112,6
160,0.680208,0.032867,0.997868,6
200,0.601954,0.030914,0.997475,6
280,0.609639,0.065297,0.994464,6
400,0.586929,0.076147,0.995004,6
560,0.479974,0.116279,0.986959,6