tau,residual_norm,linear_fit
1.000000,0.242272,0.242195
0.750000,0.182783,0.182210
0.500000,0.123417,0.122225
0.250000,0.058304,0.062240
0.100000,0.022627,0.026249
0.050000,0.018912,0.014252
0.010000,0.005711,0.004655
