quintile,label,f_lo,f_hi,f_med,n_nodes,d_s,r2
0,pol−,-0.20656376408009042,-0.039047073097456905,-0.06166545613325455,56,3.175973039501863,0.5652733678068398
1,Q2,-0.03904434616690517,-0.01425458072827398,-0.02437720853104978,56,2.311720554869635,0.7423116101486996
2,Q3,-0.013615982907300721,0.00693310036567412,-0.006570805141031252,56,3.072900602455902,0.650113199273284
3,Q4,0.007071690188037331,0.028737590127134095,0.01752543078814334,56,4.489588414787085,0.843944483080425
4,pol+,0.02987160734914188,0.18560368187329415,0.07736849508277559,56,2.6238496304954015,0.8778008625920393
