frac,n_nodes,n_active,d_s,r2
0.6,168,168,3.383195592320067,0.8298458721301841
0.4,112,112,2.3320422351809214,0.7638162268573623
0.25,70,70,1.4090885977027803,0.7960689251570819
0.15,42,41,1.0052612905958953,0.5701229013225969
0.1,28,24,0.1006472396904958,0.040721469071440475
