scope,dataset_id,n,v1_pass,v2_pass,improved,degraded,uplift_pp,failcase_uplift_pp,nondegrade_pass
G17,DS-002,500,500,500,0,0,0.000000,0.000000,true
G17,DS-003,500,500,500,0,0,0.000000,0.000000,true
G17,DS-006,500,496,500,4,0,0.800000,100.000000,true
QM_LANE,DS-002,500,500,500,0,0,0.000000,0.000000,true
QM_LANE,DS-003,500,499,499,0,0,0.000000,0.000000,true
QM_LANE,DS-006,500,493,497,4,0,0.800000,57.142857,true
