r,C_mean,C_std,n_pairs,weight,weight_frac_pct
1,0.07074820078933047,0.022501039704383375,378,1975.1261002232739,0.1005
2,0.027432380329907666,0.011203043787505884,2291,7967.607525574231,0.4056
3,0.010494555824625978,0.005649187103142986,6510,31334.883333456484,1.595
4,0.0068721031536143696,0.0041971478334214924,1269,56766.41492593722,2.8895
5,0.014194070940674692,0.0007319455467714116,2,1866562.1471158308,95.0095
