r,C_mean,C_std,n_pairs,weight,weight_frac_pct
1,0.07074820078933047,0.022501039704383375,378,1975.1261002232739,2.0145
2,0.027432380329907666,0.011203043787505884,2291,7967.607525574231,8.1266
3,0.010494555824625978,0.005649187103142986,6510,31334.883333456484,31.96
4,0.0068721031536143696,0.0041971478334214924,1269,56766.41492593722,57.8989
