{
  "gate": "G48",
  "title": "Anatomia Propagatorului - Artefact r=5 si gamma Robust",
  "timestamp": "2026-03-22T17:46:05.660533+00:00",
  "params": {
    "N": 280,
    "K": 8,
    "SEED": 3401,
    "M_EFF_SQ": 0.014,
    "N_MODES": 40,
    "N_BFS_SRC": 40,
    "N_MIN_PAIRS": 50
  },
  "C_vac": 0.015092040263009225,
  "r5_artifact": {
    "n_pairs": 2,
    "C_mean": 0.014194070940674692,
    "sigma": 0.0007319455467714116,
    "weight": 1866562.1471158308,
    "C_over_C_vac": 0.9405004686784817
  },
  "gamma_raw": {
    "gamma": -0.14815768033738516,
    "R2": 0.011977016348844516,
    "err_pct": 108.00852326148028
  },
  "gamma_robust": {
    "gamma": 1.7779018223209382,
    "R2": 0.9814555401981684,
    "err_pct": 3.8971987934628056,
    "n_min_pairs": 50
  },
  "stability": {
    "modes_list": [
      20,
      25,
      30,
      35,
      40,
      50,
      60
    ],
    "gammas": [
      1.6932479981139028,
      1.8049861266944454,
      1.8086653398835237,
      1.8099744888435938,
      1.7779018223209382,
      1.5981526521298453,
      1.3786455485801956
    ],
    "r2_list": [
      0.9606760372400218,
      0.9727573029891505,
      0.9865525888723669,
      0.9875238199107039,
      0.9814555401981684,
      0.9197154524869066,
      0.7815364521218235
    ],
    "modes_hq": [
      20,
      25,
      30,
      35,
      40
    ],
    "gammas_hq": [
      1.6932479981139028,
      1.8049861266944454,
      1.8086653398835237,
      1.8099744888435938,
      1.7779018223209382
    ],
    "mean_gamma": 1.7789551551712808,
    "sigma_gamma": 0.04967225557718654
  },
  "gates": {
    "G48a": "PASS",
    "G48b": "PASS",
    "G48c": "PASS",
    "G48d": "PASS"
  },
  "n_pass": 4,
  "n_total": 4,
  "elapsed_s": 22.44
}