{
  "params": {
    "n_nodes": 280,
    "k_init": 8,
    "k_conn": 8,
    "n_seeds": 50
  },
  "ref": {
    "seed": 3401,
    "gamma": 0.8396774228419923
  },
  "stats": {
    "gamma_mean": 0.8948357548404693,
    "gamma_std": 0.049016156839441535,
    "R2_mean": 0.995936777620099,
    "frac_in_range": 1.0,
    "delta_vs_ref": 0.05515833199847697
  },
  "gammas": [
    0.9509814516323882,
    0.9144946444266889,
    0.896389076743368,
    0.919388417768602,
    0.9114201564201893,
    0.9129850252505077,
    0.8511557842975391,
    0.9150228080666692,
    1.0091774074887538,
    0.8970603594424025,
    0.9298376815971912,
    0.9201902943758007,
    0.7990830364521097,
    0.9270166497038083,
    0.8230142991854106,
    0.8911794312601562,
    0.9654764907471354,
    0.9156606424369671,
    0.864990145101625,
    0.8305771844373797,
    0.869590277682645,
    0.9482054610420048,
    0.9519942537453634,
    0.8415338338910907,
    0.8293269734621604,
    0.8357670237003806,
    0.7912289670577186,
    0.8673130706756613,
    0.9564442912355283,
    0.901794692650729,
    0.9500638296181679,
    0.7755438488945255,
    0.8713544317115648,
    0.9246273940843747,
    0.8419017259306162,
    0.8443742093064254,
    0.9154605412136301,
    0.8979009190087085,
    0.8983450829340072,
    0.9037055737358297,
    0.9171150503852388,
    0.8734709830791442,
    0.8556215618889483,
    0.9467979302096632,
    0.9086554338034435,
    0.9261970612383005,
    0.9119663918326415,
    0.8817271303716205,
    0.8882076471565242,
    0.9704511636421088
  ],
  "gates": {
    "ST1a": {
      "passed": true,
      "value": 0.049016156839441535
    },
    "ST1b": {
      "passed": true,
      "value": 1.0
    },
    "ST1c": {
      "passed": true,
      "value": 0.05515833199847697
    },
    "ST1d": {
      "passed": true,
      "value": 0.995936777620099
    }
  },
  "summary": {
    "n_pass": 4,
    "n_total": 4,
    "all_pass": true,
    "timestamp": "2026-03-22T11:15:24.862558Z",
    "runtime_s": 240.88332
  }
}