channel_id,n_samples,tau_fit,chi_fit,chi2_baseline,chi2_memory,delta_chi2,corr_model,snr_like
GPS-A,1200,30.000000,3.162343e-07,5.857321e+05,1686.802491,-5.840453e+05,0.998559,18.607634
GPS-B,1200,30.000000,3.150029e-07,6.345675e+05,1800.907463,-6.327666e+05,0.998580,18.744595
GW150914,1200,30.000000,3.245444e-07,4.587662e+05,1466.370439,-4.572998e+05,0.998401,17.659511
GW170817,1200,30.000000,3.503125e-07,5.535043e+05,1536.139538,-5.519681e+05,0.998611,18.955780
PSR-B1534,1200,30.000000,3.259996e-07,4.837888e+05,1567.396686,-4.822214e+05,0.998379,17.540169
PSR-J0737,1200,30.000000,3.849812e-07,8.048775e+05,1897.968755,-8.029795e+05,0.998820,20.568741
