channel_id,n_samples,tau_fit,chi_fit,chi2_baseline,chi2_memory,delta_chi2,corr_model,snr_like
GPS-A,1200,42.000000,3.710981e-07,5.203754e+05,1331.795155,-5.190436e+05,0.998720,19.741639
GPS-B,1200,42.000000,3.867742e-07,5.611010e+05,1359.167083,-5.597418e+05,0.998788,20.293524
GW150914,1200,42.000000,4.385225e-07,8.259666e+05,1512.429846,-8.244542e+05,0.999084,23.347783
GW170817,1200,42.000000,3.818803e-07,5.080249e+05,1369.021346,-5.066559e+05,0.998652,19.237624
PSR-B1534,1200,42.000000,4.411657e-07,8.644179e+05,1481.240854,-8.629367e+05,0.999143,24.136630
PSR-J0737,1200,42.000000,4.460172e-07,1.039254e+06,1696.170174,-1.037558e+06,0.999184,24.732696
