{
  "script": "run_qng_qf_correlations_v1.py",
  "timestamp": "2026-03-21T17:20:18.122452Z",
  "params": {
    "seed": 3401,
    "n_nodes": 280,
    "k_cl": 0.5,
    "k_sm": 0.2,
    "k_chi": 0.3,
    "k_mix": 0.1,
    "hbar_field": 0.233,
    "m_eff_sq": 0.014
  },
  "graph": {
    "diameter": 4,
    "d_mean": 2.78958013312852
  },
  "correlations": {
    "G_diag_mean": 0.0778818991535224,
    "G_diag_std": 0.005422948060126459,
    "G_off_mean": 0.00032548719303984594,
    "G_off_std": 0.0006638688563198848,
    "G_rel_off_diag": 0.004179240575505727
  },
  "decay_fit": {
    "A": 0.00808948599146908,
    "xi_quantum": 0.81337473640058,
    "r2": 0.909918829634655,
    "xi_G17": 8.451542547285166,
    "xi_ratio": 0.096239796682069
  },
  "binned": {
    "1": {
      "r": 1,
      "mean": 0.0037167154052166673,
      "std": 0.0005304962652428621,
      "count": 1352
    },
    "2": {
      "r": 2,
      "mean": 0.00042141496546377837,
      "std": 0.00011663588283561564,
      "count": 9164
    },
    "3": {
      "r": 3,
      "mean": 0.00014067382094277013,
      "std": 2.9579297730718554e-05,
      "count": 24895
    },
    "4": {
      "r": 4,
      "mean": 8.895834924722376e-05,
      "std": 8.94056739494468e-06,
      "count": 3649
    }
  },
  "spectrum_G": {
    "top5_eigvals": [
      0.16869282601163943,
      0.11092269118048134,
      0.10971787038383335,
      0.10902445712378561,
      0.10796692981217768
    ],
    "frac_top1": 0.007735743287736065,
    "frac_top5": 0.02780422212083294,
    "trace": 21.80693176298627
  },
  "spin_boson": {
    "omega_c": 0.508506286846771,
    "alpha": 0.06555146749518502,
    "phase": "coherent"
  },
  "metric_correction": {
    "delta_metric_rel": 0.0013019487721593838,
    "delta_metric_pct": 0.13019487721593836
  },
  "elapsed_s": 0.327
}