body,r_AU,a_qng
Mercury,0.387,8.120907061795849e-05
Venus,0.723,2.3267508206701805e-05
