r_AU,a_qng
20.0,3.040650324345257e-08
25.0,1.946016207580964e-08
30.0,1.3514001441534472e-08
35.0,9.92865412031104e-09
40.0,7.601625810863142e-09
45.0,6.00622286290421e-09
50.0,4.86504051895241e-09
55.0,4.020694643762322e-09
60.0,3.378500360383618e-09
65.0,2.8787222005635565e-09
70.0,2.48216353007776e-09
