record_id,r_au,v_r_km_s,a_obs,a_sigma,C_straton,tau_SI_s,tau_SI_days,KR_SI_s
P10_EQ23,55.0,12.2,7.84e-10,1.6e-11,6.426229508196721e-14,269717.36153426144,3.121728721461359,229259.7573041222
P11_EQ24,27.0,11.6,8.55e-10,1.5e-11,7.370689655172414e-14,36598.56185688145,0.42359446593612793,31108.777578349236
P10P11_FINAL,48.1,12.0,8.74e-10,1.33e-10,7.283333333333333e-14,204470.19813515956,2.3665532191569394,173799.66841488561
