k,gamma_mean,gamma_std,R2_mean,n_valid
4,0.469044,0.060094,0.981923,6
6,0.545751,0.042857,0.996085,6
8,0.623330,0.054221,0.993280,6
10,0.618221,0.057971,0.987949,6
12,0.639853,0.070541,0.983931,6
16,0.593094,0.050978,0.998944,6