bulk_tau,count
-1.000000,10
-0.333333,8
0.333333,2
