split_seed,v10_seed_decision,v11_seed_decision,v10_generalization_gap_pp,v11_generalization_gap_pp,delta_gap_pp_v11_minus_v10,v10_holdout_mond_worse_pct,v11_holdout_mond_worse_pct,delta_holdout_mond_worse_pct_v11_minus_v10,v10_holdout_chi2_per_n_dual,v11_holdout_chi2_per_n_dual,delta_holdout_chi2_per_n_dual_v11_minus_v10
3401,PASS,HOLD,16.277934,20.359415,4.081481,-12.717870,-25.513787,-12.795917,40.752216,34.777774,-5.974442
3402,PASS,PASS,8.156530,8.219630,0.063100,-12.195122,-4.531373,7.663749,51.456129,55.947301,4.491172
3403,HOLD,HOLD,41.930063,29.986314,-11.943749,-10.584701,-20.886773,-10.302072,169.514797,149.983982,-19.530815
3404,PASS,HOLD,13.119110,12.065121,-1.053989,-7.542115,12.504760,20.046875,46.123883,56.124541,10.000658
3405,PASS,PASS,2.931473,6.792102,3.860629,-15.815528,-17.455957,-1.640429,36.285876,35.578805,-0.707071
