mission_id,n_points,tau_hat,directionality,amp_median
Galileo,2,-0.005295,0.500000,2.781359e-07
NEAR,1,0.002579,1.000000,1.189176e-06
Pioneer10+11,1,3.058760e-04,1.000000,3.167561e-10
Pioneer11,1,1.051073e-04,1.000000,1.005281e-09
Rosetta,1,0.001820,1.000000,1.542937e-07
