{
  "datasets": {
    "DS-002": {
      "n_runs": 200,
      "g15_pass_count": 199,
      "g15_pass_rate": 0.995,
      "g15b_v1_pass_count": 199,
      "g15b_v1_pass_rate": 0.995,
      "g15b_v2_pass_count": 200,
      "g15b_v2_pass_rate": 1.0,
      "g15a_pass_rate": 1.0,
      "g15c_pass_rate": 1.0,
      "g15d_pass_rate": 1.0,
      "g15b_v1_ratio_min": 1.964888,
      "g15b_v1_ratio_max": 3.271132,
      "g15b_v1_ratio_mean": 2.628029205,
      "g15b_v1_ratio_median": 2.6368945,
      "g15b_v2_ratio_min": 5.47276,
      "g15b_v2_ratio_max": 10.376322,
      "g15b_v2_ratio_mean": 7.46015333,
      "g15b_v2_ratio_median": 7.3161375
    },
    "DS-003": {
      "n_runs": 200,
      "g15_pass_count": 124,
      "g15_pass_rate": 0.62,
      "g15b_v1_pass_count": 124,
      "g15b_v1_pass_rate": 0.62,
      "g15b_v2_pass_count": 200,
      "g15b_v2_pass_rate": 1.0,
      "g15a_pass_rate": 1.0,
      "g15c_pass_rate": 1.0,
      "g15d_pass_rate": 1.0,
      "g15b_v1_ratio_min": 1.667009,
      "g15b_v1_ratio_max": 2.413051,
      "g15b_v1_ratio_mean": 2.0417596000000002,
      "g15b_v1_ratio_median": 2.055804,
      "g15b_v2_ratio_min": 3.513308,
      "g15b_v2_ratio_max": 6.40537,
      "g15b_v2_ratio_mean": 4.69508344,
      "g15b_v2_ratio_median": 4.611998
    },
    "DS-006": {
      "n_runs": 200,
      "g15_pass_count": 200,
      "g15_pass_rate": 1.0,
      "g15b_v1_pass_count": 200,
      "g15b_v1_pass_rate": 1.0,
      "g15b_v2_pass_count": 200,
      "g15b_v2_pass_rate": 1.0,
      "g15a_pass_rate": 1.0,
      "g15c_pass_rate": 1.0,
      "g15d_pass_rate": 1.0,
      "g15b_v1_ratio_min": 3.003304,
      "g15b_v1_ratio_max": 5.301294,
      "g15b_v1_ratio_mean": 3.972648,
      "g15b_v1_ratio_median": 3.954068,
      "g15b_v2_ratio_min": 10.733137,
      "g15b_v2_ratio_max": 25.011227,
      "g15b_v2_ratio_mean": 15.431439635,
      "g15b_v2_ratio_median": 15.086929000000001
    }
  },
  "totals": {
    "n_runs": 600,
    "g15_pass_count": 523,
    "g15_pass_rate": 0.8716666666666667,
    "g15b_v1_pass_count": 523,
    "g15b_v1_pass_rate": 0.8716666666666667,
    "g15b_v2_pass_count": 600,
    "g15b_v2_pass_rate": 1.0,
    "g15a_pass_rate": 1.0,
    "g15c_pass_rate": 1.0,
    "g15d_pass_rate": 1.0,
    "g15b_v1_ratio_min": 1.667009,
    "g15b_v1_ratio_max": 5.301294,
    "g15b_v1_ratio_mean": 2.8808122683333335,
    "g15b_v1_ratio_median": 2.6368945,
    "g15b_v2_ratio_min": 3.513308,
    "g15b_v2_ratio_max": 25.011227,
    "g15b_v2_ratio_mean": 9.195558801666667,
    "g15b_v2_ratio_median": 7.3161375
  },
  "elapsed_s": 64.747,
  "seed_range": {
    "from": 3401,
    "to": 3600,
    "count_per_dataset": 200
  },
  "phi_scale": 0.08
}