{
  "script": "run_qng_semiclassical_v1.py",
  "dataset_id": "DS-002",
  "seed": 3401,
  "n_nodes": 280,
  "mean_degree": 9.3714,
  "K_eff": 19,
  "m_eff_sq": 0.014,
  "lambda_back": 0.05,
  "E0": 3.3514814,
  "E0_corrected": 3.3657564,
  "delta_E0": 0.014274993205,
  "dE0_rel": 0.0042593085,
  "energy_conservation_err": 0.0,
  "cv_eps_vac": 0.413501,
  "mean_eps_vac": 0.0119695764,
  "max_residual": 0.0264858542,
  "mean_residual": 0.0042593085,
  "max_alpha1_change_rel": 0.07033705,
  "run_utc": "2026-03-01T04:37:57.816145Z",
  "elapsed_s": 2.711,
  "decision": "pass"
}