{
  "script": "run_qng_einstein_eq_v1.py",
  "dataset_id": "DS-002",
  "seed": 3401,
  "n_nodes": 280,
  "mean_degree": 9.3714,
  "mean_R": -5.191997,
  "std_R": 1.79419,
  "fit_a": -4.199893,
  "fit_b": -1.804106,
  "fit_r2": 0.056991,
  "Lambda_fit": -2.099946,
  "G_eff": -0.03589155,
  "bianchi_ratio": 0.287641,
  "max_tr_G": 8.8818e-16,
  "run_utc": "2026-02-28T17:14:37.403639Z",
  "elapsed_s": 0.034,
  "decision": "pass"
}