channel_id,n_samples,tau_fit,chi_fit,chi2_baseline,chi2_memory,delta_chi2,corr_model,snr_like
GPS-A,1200,36.000000,3.760639e-07,7.619185e+05,1164.175854,-7.607543e+05,0.999236,25.563065
GPS-B,1200,36.000000,3.786313e-07,7.204622e+05,1170.728498,-7.192915e+05,0.999187,24.787023
GW150914,1200,36.000000,3.949810e-07,6.619639e+05,1192.236032,-6.607716e+05,0.999099,23.542066
GW170817,1200,36.000000,3.770356e-07,6.894878e+05,1131.667176,-6.883561e+05,0.999179,24.663075
PSR-B1534,1200,36.000000,4.120539e-07,7.387706e+05,1173.995864,-7.375966e+05,0.999205,25.065488
PSR-J0737,1200,36.000000,3.723172e-07,5.614270e+05,1228.507572,-5.601985e+05,0.998905,21.354138
