mission_id,n_points,tau_hat,directionality,amp_median
Galileo,2,-0.005295,0.500000,3.080361e-07
NEAR,1,0.002579,1.000000,1.317015e-06
Pioneer10,1,3.999269e-04,1.000000,2.683085e-10
Pioneer10+11,1,3.058760e-04,1.000000,3.508081e-10
Pioneer11,1,1.051073e-04,1.000000,1.113351e-09
Rosetta,1,0.001820,1.000000,1.708807e-07
