shell_bfs,mean_A_amp
1,0.03195973
2,0.00520261
3,0.00156627
