scope,dataset_id,n,v1_pass,v2_pass,improved,degraded,uplift_pp,failcase_uplift_pp,nondegrade_pass
G17,DS-002,500,392,499,107,0,21.400000,99.074074,true
G17,DS-003,500,344,498,154,0,30.800000,98.717949,true
G17,DS-006,500,356,419,63,0,12.600000,43.750000,true
QM_LANE,DS-002,500,366,456,90,0,18.000000,67.164179,true
QM_LANE,DS-003,500,315,414,99,0,19.800000,53.513514,true
QM_LANE,DS-006,500,336,385,49,0,9.800000,29.878049,true
