n_nodes,n_profiles,metric_mean,metric_median,metric_p95,support_mean,support_median,support_p95
24,54,0.883257,0.889466,0.933214,0.060219,0.062543,0.111361
30,54,0.880715,0.881570,0.918731,0.061157,0.061891,0.104062
36,54,0.877558,0.877203,0.918451,0.063329,0.058578,0.106197
42,54,0.867558,0.868249,0.900126,0.071241,0.065598,0.113883
48,54,0.871630,0.872253,0.903705,0.066924,0.064105,0.117491
