n_from,n_to,median_from,median_to,delta,step_tol,step_pass
24,30,0.889466,0.881570,-0.007896,0.002000,true
30,36,0.881570,0.877203,-0.004367,0.002000,true
36,42,0.877203,0.868249,-0.008954,0.002000,true
42,48,0.868249,0.872253,0.004004,0.002000,false
