scope,dataset_id,n,v1_pass,v2_pass,improved,degraded,uplift_pp,failcase_uplift_pp,nondegrade_pass
G17,DS-002,500,499,499,0,0,0.000000,0.000000,true
G17,DS-003,500,498,498,0,0,0.000000,0.000000,true
G17,DS-006,500,419,495,76,0,15.200000,93.827160,true
QM_LANE,DS-002,500,471,471,0,0,0.000000,0.000000,true
QM_LANE,DS-003,500,444,444,0,0,0.000000,0.000000,true
QM_LANE,DS-006,500,401,472,71,0,14.200000,71.717172,true
