split_seed,k_csv,k_refit_d9,abs_delta_k,gdag_csv,gdag_refit_d9,abs_delta_gdag,train_chi2_per_n_csv,train_chi2_per_n_recalc,abs_delta_train_chi2_per_n,holdout_chi2_per_n_csv,holdout_chi2_per_n_recalc,holdout_chi2_per_n_refit_d9,abs_delta_holdout_chi2_per_n,abs_delta_holdout_vs_refit_d9,ab_pass
3401,0.825923000,0.825923446,0.000000446,2409.018462000,2409.018461538,0.000000462,99.280272000,99.280272160,0.000000160,40.447155000,40.447131039,40.447155066,0.000023961,0.000000066,true
3402,0.844615000,0.844614658,0.000000342,2177.450154000,2177.450153846,0.000000154,92.002377000,92.002376525,0.000000475,51.445744000,51.445740821,51.445743977,0.000003179,0.000000023,true
3403,0.887358000,0.887357662,0.000000338,2409.018462000,2409.018461538,0.000000462,50.985511000,50.985510648,0.000000352,169.100115000,169.100169456,169.100114686,0.000054456,0.000000314,true
3404,0.893708000,0.893708422,0.000000422,2021.837538000,2021.837538462,0.000000462,93.908064000,93.908063507,0.000000493,46.392527000,46.392530895,46.392527112,0.000003895,0.000000112,true
3405,0.821370000,0.821370321,0.000000321,2329.361538000,2329.361538462,0.000000462,97.834107000,97.834106658,0.000000342,36.213745000,36.213738425,36.213744642,0.000006575,0.000000358,true
