mission_id,n_events,tau_mean,tau_median,tau_p10,tau_p90,tau_cv
Galileo,2,-0.001243,-0.001243,-0.004678,0.002193,3.455614
NEAR,1,0.002579,0.002579,0.002579,0.002579,nan
Rosetta,1,0.001820,0.001820,0.001820,0.001820,nan
