gate,dataset_id,n,v2_pass,v3_pass,improved,degraded,uplift_pp,failcase_uplift_pp,nondegrade_pass
G11,DS-002,500,484,494,10,0,2.000000,62.500000,true
G11,DS-003,500,472,491,19,0,3.800000,67.857143,true
G11,DS-006,500,494,496,2,0,0.400000,33.333333,true
G12,DS-002,500,494,494,0,0,0.000000,0.000000,true
G12,DS-003,500,489,489,0,0,0.000000,0.000000,true
G12,DS-006,500,492,492,0,0,0.000000,0.000000,true
STAGE3,DS-002,500,480,489,9,0,1.800000,45.000000,true
STAGE3,DS-003,500,465,481,16,0,3.200000,45.714286,true
STAGE3,DS-006,500,488,489,1,0,0.200000,8.333333,true
