label,axis,sign,n_partition,d_s,r2
ax1+,1,+,112,3.8206362667191747,0.7387613115330156
ax1−,1,−,112,3.402059342311455,0.7183122203013966
ax2+,2,+,112,4.629709849742359,0.7615998811311817
ax2−,2,−,112,0.7475832700401653,0.054793781549530296
ax3+,3,+,112,3.629700610644273,0.7788370924074396
ax3−,3,−,112,3.7843093440772892,0.7957834857792562
ax4+,4,+,112,2.402791592496907,0.4134598128944136
ax4−,4,−,112,3.323805810040153,0.5593034230343576
