{
  "gate": "G25",
  "version": "v1",
  "timestamp": "2026-03-20T14:45:46Z",
  "seed": 3401,
  "n_nodes": 280,
  "k_init": 8,
  "k_conn": 8,
  "t_uv_lo": 2,
  "t_uv_hi": 6,
  "t_ir_lo": 12,
  "t_ir_hi": 22,
  "d_s_uv": 3.0222936382401553,
  "r2_uv": 0.9630115481894701,
  "d_s_ir": 4.390436640591447,
  "r2_ir": 0.442054149431379,
  "d_s_full": 2.5460765165531725,
  "r2_full": 0.4147364498946773,
  "running": 1.3681430023512915,
  "thresholds": {
    "g25a_uv_lo": 2.0,
    "g25a_uv_hi": 3.9,
    "g25b_ir_lo": 3.5,
    "g25b_ir_hi": 5.0,
    "g25c_running_min": 0.2,
    "g25d_uv_above_cdt": 2.5
  },
  "literature_comparison": {
    "QNG_prediction_uv": "~3.0",
    "CDT_prediction_uv": "~2.0",
    "LQG_prediction_uv": "~2.0",
    "AS_prediction_uv": "~2.0",
    "this_result_uv": 3.0222936382401553
  },
  "gates": {
    "g25a": "PASS",
    "g25b": "PASS",
    "g25c": "PASS",
    "g25d": "PASS"
  },
  "all_pass": true,
  "elapsed_s": 0.14
}