mission_id,n_points,tau_hat,directionality,amp_median
Cassini,1,0.013290,1.000000,3.994392e-08
Pioneer10+11,1,3.058760e-04,1.000000,2.700553e-10
Pioneer11,1,1.051073e-04,1.000000,8.570681e-10
