{
  "test_id": "kr-cmb-v1",
  "timestamp_utc": "2026-03-16T20:32:20.805778+00:00",
  "iso_target": 0.7071067811865475,
  "mu1_theory": 0.2928932188134524,
  "mu1_planck": 0.291,
  "mu1_deviation_pct": 0.6463853349429242,
  "k_theory": 0.836719269507167,
  "k_sim": 0.85,
  "k_gal": 0.8402211241296863,
  "k_cmb": 0.8349125609133617,
  "k_cmb_err": 0.008349125609133617,
  "k_weighted_avg": 0.8377924177131816,
  "delta_sim_gal_pct": 1.1504559847427853,
  "delta_sim_cmb_pct": 1.774992833722145,
  "delta_gal_cmb_pct": 0.6318054930865071,
  "k_spread_pct": 1.8008564851685518,
  "all_within_2pct": true,
  "ell_damp_from_mu1_theory": 1290.6708752699726,
  "ell_damp_planck": 1290.9,
  "silk_sigma_pull": 0.01832997840219832,
  "scale_orders_of_magnitude": 18,
  "verdict": "k universal la 1.80% intre N-body, galactic si CMB (18 ordine de marime). Toate trei derivate din iso_target=1/sqrt(2) prin mu1=(2-sqrt(2))/2. Silk damping reproducibil la 0.02sigma cu mu1 teoretic."
}