{
  "test_id": "kr-galaxies-v1",
  "timestamp_utc": "2026-03-16T20:09:19.146321+00:00",
  "n_galaxies": 175,
  "n_points": 3391,
  "k_sim": 0.85,
  "k_sim_sigma": 0.02,
  "tau_sim": 1.3,
  "KR_sim": 1.105,
  "k_theory": 0.836719269507167,
  "k_gal_global": 0.8402211241296863,
  "g_dag_gal_si": 7.179661016949153e-11,
  "g_dag_theory_si": 7.029437251522859e-11,
  "g_dag_deviation_pct": 2.137066738788363,
  "chi2n_null": 302.461075545418,
  "chi2n_mond": 94.43306374187188,
  "chi2n_m8c": 80.27041584010027,
  "delta_aic_m8c_vs_mond": -48023.53903490753,
  "delta_k_pct": 1.1504559847427853,
  "sigma_pull": 0.48894379351568373,
  "k_per_gal_mean": 0.8250863763718149,
  "k_per_gal_std": 0.8978874080994984,
  "k_per_gal_cv": 1.0882344367965622,
  "k_per_gal_min": 0.010000002432954779,
  "k_per_gal_max": 9.999999997567045,
  "universality_k_ok": true,
  "cv_k_ok": false,
  "m8c_beats_mond": true,
  "verdict": "k universal la 1.15% intre N-body (T-029, k=0.85) si galactic (SPARC M8c, k=0.8402). g_dag derivat teoretic la 2.14% eroare. M8c bate MOND cu DELTA_AIC=-48024. CV(k) per galaxie = 1.088 (variabil)."
}