{
  "script": "run_qng_einstein_v1.py",
  "dataset_id": "DS-002",
  "seed": 3401,
  "n_nodes": 280,
  "n_edges": 1312,
  "mean_degree": 9.3714,
  "mean_F": -5.268293,
  "mean_R": -5.191997,
  "std_R": 1.79419,
  "run_utc": "2026-02-28T13:25:20.352684Z",
  "elapsed_s": 0.028,
  "decision": "pass"
}