channel_id,n_samples,tau_fit,chi_fit,chi2_baseline,chi2_memory,delta_chi2,corr_model,snr_like
GPS-A,1200,36.000000,3.709879e-07,5.588569e+05,1429.799867,-5.574271e+05,0.998720,19.744967
GPS-B,1200,36.000000,4.180901e-07,6.563712e+05,1494.862683,-6.548763e+05,0.998861,20.930471
GW150914,1200,36.000000,4.252450e-07,8.992785e+05,1698.786178,-8.975797e+05,0.999055,22.986198
GW170817,1200,36.000000,3.547177e-07,4.885407e+05,1443.643562,-4.870970e+05,0.998521,18.368672
PSR-B1534,1200,36.000000,3.649513e-07,6.783182e+05,1574.273091,-6.767439e+05,0.998839,20.733477
PSR-J0737,1200,36.000000,3.953175e-07,6.003441e+05,1404.209736,-5.989399e+05,0.998830,20.652643
