r,C_mean,C_std,n_pairs
1,0.052850562769637115,0.035372320610066794,444
2,0.030099931396305363,0.012892146455025962,2805
3,0.009485305561178896,0.0066727912802111615,8532
4,0.006740895237977543,0.0059606857934741565,2166
5,0.01248737364119972,0.0002265994127578204,3
