mission_id,n_points,tau_hat,directionality,amp_median
Cassini,1,0.013290,1.000000,1.507638e-07
Pioneer10,1,3.999269e-04,1.000000,7.795859e-10
Pioneer10+11,1,3.058760e-04,1.000000,1.019293e-09
