scope,dataset_id,n,v1_pass,v2_pass,improved,degraded,uplift_pp,failcase_uplift_pp,nondegrade_pass
G17,DS-002,200,152,199,47,0,23.500000,97.916667,true
G17,DS-003,200,141,200,59,0,29.500000,100.000000,true
G17,DS-006,200,146,165,19,0,9.500000,35.185185,true
QM_LANE,DS-002,200,138,177,39,0,19.500000,62.903226,true
QM_LANE,DS-003,200,135,179,44,0,22.000000,67.692308,true
QM_LANE,DS-006,200,138,157,19,0,9.500000,30.645161,true
