model,k,n,ll,bic,chi2,param,param_name
A_null,1,13,-2309.9757844077644,4622.516518172991,5028.598083039636,-0.00102551530638748,tau_const
B_straton,1,13,-5075.571899543688,10153.708748444838,10559.790313311481,-3.710062029187824e-07,alpha
delta_B_minus_A,-,13,-2765.596115135924,5531.192230271848,5531.192230271846,,delta
