mission_id,n_rows_dropped,alpha_full,alpha_loo,delta_alpha,delta_alpha_rel_pct,delta_bic_loo,delta_ll_loo,gate_pass
Cassini,1,-3.710062029187824e-07,-3.709546831774898e-07,5.151974129259164e-11,0.013886490545784733,5532.1630126611235,-2766.0815063305618,False
EPOXI,5,-3.710062029187824e-07,-3.7100653064717997e-07,-3.2772839758712157e-13,-8.83350183929041e-05,5531.285654326001,-2765.642827163,False
Galileo,2,-3.710062029187824e-07,-4.283367869197173e-07,-5.733058400093491e-08,-15.4527292400783,5980.251305021436,-2990.125652510718,False
Messenger,1,-3.710062029187824e-07,-3.7099395594665124e-07,1.2246972131143353e-11,0.003301015464106501,5538.6171458902345,-2769.3085729451172,False
NEAR,1,-3.710062029187824e-07,-2.4493803049517744e-07,1.2606817242360494e-07,33.98007133891579,-381.20751776677116,190.60375888338558,True
Rosetta,3,-3.710062029187824e-07,-8.29375459367786e-07,-4.5836925644900364e-07,-123.54759916220218,4228.353763650137,-2114.176881825069,False
