delta_bic_median,delta_bic_mean,delta_bic_p10,delta_bic_p90
1442.3029554923637,2577.4947257181166,-1158.4623962040291,7320.046864939807
