{
  "run_date": "2026-03-22T14:46:39.837302Z",
  "verdict": "3/5_CHECKS_PASS",
  "checks": {
    "H1_S_N_scaling_BH": false,
    "H2_T_ratio_order_1": true,
    "H3_cosmological_problem": true,
    "H4_S_A_scaling_BH": false,
    "H5_system_deeply_quantum": true
  },
  "H1_alpha_S_N": -1.7019668669484025,
  "H2_T_ratio": 0.13242109527178678,
  "H3_rho_ratio": 9.557420327140671e+120,
  "H4_alpha_S_A": 1.1470956132118983,
  "H5_U_over_E0": 1.16377714176772e-08,
  "H5_corr_T_eps": -0.12227296844401109,
  "H1_rows": [
    {
      "N": 70,
      "S": 1.5249908498443734e-06,
      "E0": 9.134496358114538,
      "T_unruh": 0.034637645462778525,
      "K_eff": 19
    },
    {
      "N": 140,
      "S": 2.1932435658122836e-08,
      "E0": 7.643650207998208,
      "T_unruh": 0.025809528744272954,
      "K_eff": 19
    },
    {
      "N": 280,
      "S": 2.358616684865581e-06,
      "E0": 6.1549786906785915,
      "T_unruh": 0.03203806471053522,
      "K_eff": 19
    },
    {
      "N": 560,
      "S": 6.284443244931801e-09,
      "E0": 5.694870757818033,
      "T_unruh": 0.02353835598908501,
      "K_eff": 19
    }
  ],
  "H2_detail": {
    "T_mean": 0.03203806471053522,
    "T_std": 0.014774698944837118,
    "T_interior": 0.04761688574075107,
    "T_exterior": 0.03125067308901696,
    "T_ratio": 1.5237075247984342,
    "T_hawking_formula": 0.004242515619357454,
    "ratio_H_vs_U": 0.13242109527178678
  },
  "H3_detail": {
    "rho_vac_qng": 0.02198206675242354,
    "rho_obs_planck": 2.3e-123,
    "ratio": 9.557420327140671e+120,
    "E0": 6.1549786906785915,
    "N": 280
  },
  "H5_detail": {
    "T_mean": 0.03203806471053522,
    "T_cv": 0.46116078103739794,
    "U_global": 7.163023508279155e-08,
    "E0": 6.1549786906785915,
    "U_over_E0": 1.16377714176772e-08,
    "corr_T_eps": -0.12227296844401109
  }
}