label,A0,J,B,phi,chi2,chi2_base,chi2_rel,n_pts,p_D,ell_D
TT,752163.6145938656,0,0.6126534091727267,2.356194490192345,277622.27958820504,311376.7842434245,-13.828146110290636,2441,1.119,576.144
TE,2026.998761115572,2.2,0.691194237438068,2.356194490192345,25839.88903314389,27290.361709541045,-0.7374034958806079,1967,1.119,576.144
EE,2136.8146869970547,2.2,0.7798038282569963,1.9634954084936207,265617.3281521844,2503938.4188590674,-1309.7256235850691,1709,1.119,1134.984
