label,A0,J,B,phi,chi2,chi2_base,chi2_rel,n_pts,p_D,ell_D
TT,1055668.2310089343,0,0.4,3.141592653589793,223192.1999104682,289282.85064146714,-27.075235858664055,2441,1.119,576.144
TE,2026.998761115572,0,0.4,3.141592653589793,25362.25203899263,26702.84147317132,-0.6815401292215005,1967,1.119,576.144
EE,240000000000.0,2.2,0.4,3.141592653589793,805724.3514075609,2097488.156820538,-755.859453138079,1709,6.345,1134.984
