label,A0,J,B,phi,chi2,chi2_base,chi2_rel,n_pts,p_D,ell_D
TT,1055668.2310089343,0,0.7,2.6179938779914944,207421.62240364598,289282.85064146714,-33.535939466538785,2441,1.119,576.144
TE,2026.998761115572,0,0.9,3.665191429188092,24568.507225403235,26702.84147317132,-1.0850707919512381,1967,1.119,576.144
EE,240000000000.0,2.2,0.9,3.141592653589793,72886.27872900199,2097488.156820538,-1184.6704962501674,1709,6.345,1134.984
