label,A0,J,B,phi,chi2,chi2_base,chi2_rel,n_pts,p_D,ell_D
TT,1055668.2310089343,0,0.6,2.0943951023931953,221321.4964358393,289282.85064146714,-27.8416035254518,2441,1.119,576.144
TE,2026.998761115572,0,0.9,2.6179938779914944,24376.764867157734,26702.84147317132,-1.1825503843485443,1967,1.119,576.144
EE,2136.8146869970547,2.2,0.9,2.0943951023931953,161485.12137810304,2503938.4188590674,-1370.6572834879837,1709,1.119,1134.984
