scope,dataset_id,n,v1_pass,v2_pass,improved,degraded,uplift_pp,failcase_uplift_pp,nondegrade_pass,uplift_pass
G18,DS-002,500,457,483,26,0,5.200000,60.465116,true,true
G18,DS-003,500,415,466,51,0,10.200000,60.000000,true,true
G18,DS-006,500,467,491,24,0,4.800000,72.727273,true,true
QM_LANE,DS-002,500,471,482,11,0,2.200000,37.931034,true,true
QM_LANE,DS-003,500,444,464,20,0,4.000000,35.714286,true,true
QM_LANE,DS-006,500,472,480,8,0,1.600000,28.571429,true,true
