split,model,chi2,chi2_per_n,k_params,aic,bic
train,M0_null,735914.759942,317.067971,0,735914.759942,735914.759942
train,M1_mond,270342.849551,116.476885,1,270344.849551,270350.599304
train,M6_dual_kernel,660346.585148,284.509515,4,660354.585148,660377.584162
holdout,M0_null,289730.747233,270.776399,0,289730.747233,289730.747233
holdout,M1_mond,49958.531838,46.690217,1,49960.531838,49965.507252
holdout,M6_dual_kernel,258554.696015,241.639903,4,258562.696015,258582.597671
