seed,structural_seed_pass,bulk_valid,full_slope_theilsen,bulk_slope_theilsen
3501,true,true,-0.000328986,0.000502375
3502,true,true,-0.000380875,0.000213750
3503,true,true,-0.000250167,-0.000110250
3504,true,true,-0.000685250,-0.000636500
3505,true,true,-0.000253438,0.000036625
3506,true,true,-0.000711240,-0.000799667
3507,true,true,-0.000645615,-0.000369667
3508,true,true,-0.000793094,-0.000781042
3509,true,true,-0.000808642,-0.001135125
3510,true,true,-0.000421656,-0.000435125
