gate,dataset_id,n_total,n_fail,fail_rate,signature,count
G11,DS-002,200,5,0.025000,ALL,5
G11,DS-002,200,5,0.025000,G11a,4
G11,DS-002,200,5,0.025000,G11a+G11b,1
G11,DS-003,200,12,0.060000,ALL,12
G11,DS-003,200,12,0.060000,G11a,12
G11,DS-006,200,2,0.010000,ALL,2
G11,DS-006,200,2,0.010000,G11a,2
G12,DS-002,200,5,0.025000,ALL,5
G12,DS-002,200,5,0.025000,G12d,5
G12,DS-003,200,6,0.030000,ALL,6
G12,DS-003,200,6,0.030000,G12d,6
G12,DS-006,200,4,0.020000,ALL,4
G12,DS-006,200,4,0.020000,G12d,4
