dataset_id,n,all_pass_pass_rate,g13_status_pass_rate,g14_status_pass_rate,g15_status_pass_rate,g16_status_pass_rate,g15b_v2_status_pass_rate,g13b_mean,g13b_p95,g13b_max_abs,g14b_mean,g14b_p95,g14b_max_abs,g13c_mean,g13c_p05,g13c_min
ALL,60,0.6167,1.0000,1.0000,0.8000,0.8500,1.0000,0.003430,0.004706,0.005248,0.001131,0.002745,0.003625,0.152707,0.123994,0.120298
DS-002,20,0.8000,1.0000,1.0000,0.9500,0.8500,1.0000,0.003479,0.004611,0.005248,0.001063,0.002132,0.002723,0.154530,0.146082,0.146051
DS-003,20,0.1500,1.0000,1.0000,0.4500,0.8000,1.0000,0.003422,0.005016,0.005204,0.001425,0.003407,0.003625,0.176181,0.167957,0.164851
DS-006,20,0.9000,1.0000,1.0000,1.0000,0.9000,1.0000,0.003388,0.004653,0.004690,0.000907,0.001585,0.001742,0.127411,0.122975,0.120298
