iter,rel_change_g,p90_residual
0.000000000000000000e+00,3.245146783700329163e+00,3.610470640823698640e-04
1.000000000000000000e+00,9.987532533074053864e-01,1.042760878310897048e-13
2.000000000000000000e+00,2.500562145338161655e-03,2.097268192721172896e-09
