{
  "qng": {
    "gamma_weighted": 1.865447937745369,
    "gamma_unweighted": 1.5531476555324002,
    "R2": 0.9123866591445947,
    "n_nodes": 280,
    "k_init": 8,
    "k_conn": 8,
    "seed": 3401
  },
  "null_er": {
    "gamma_mean": 0.3773874627093545,
    "gamma_std": 0.05184355563051001,
    "R2_mean": 0.7175807872287324,
    "n": 12
  },
  "null_ba": {
    "gamma_mean": 1.01989833030715,
    "gamma_std": 0.15603008569403415,
    "R2_mean": 0.9732606625388237,
    "n": 12
  },
  "null_rr": {
    "gamma_mean": 0.002695863903323976,
    "gamma_std": 0.007109966350350824,
    "R2_mean": 0.6842926279907667,
    "n": 12
  },
  "null_er_gammas": [
    0.38851611144549403,
    0.3878366257155547,
    0.4500639270324949,
    0.37495498809426797,
    0.37041482582484936,
    0.4598263779117568,
    0.3610339610525628,
    0.40320159296507896,
    0.3757603913726361,
    0.2555551075800155,
    0.3503985888245317,
    0.3510870546930112
  ],
  "null_ba_gammas": [
    0.763467595312288,
    0.9107433959257317,
    0.9893497099068688,
    1.1924624428888995,
    1.199847674928355,
    1.2463160283133152,
    1.1535954810264952,
    1.1258821641606616,
    0.9416395225365624,
    0.9308227643243423,
    0.887134510966718,
    0.897518673395564
  ],
  "null_rr_gammas": [
    0.005788483168153583,
    0.0020995328445271074,
    -0.007974091027062773,
    0.011102081276246796,
    -0.006108742124521657,
    0.006905762962723367,
    -0.006234556791787639,
    0.0033391570800618484,
    0.006272590223707416,
    0.011956786712379834,
    0.009221708548520958,
    -0.004018346033061131
  ],
  "separation": {
    "sep_er_sigma": 28.70290158417083,
    "sep_ba_sigma": 5.419144671216115,
    "sep_rr_sigma": 261.9916863249475,
    "sep_er_w": 28.70290158417083,
    "sep_ba_w": 5.419144671216115,
    "sep_rr_w": 261.9916863249475,
    "sep_er_uw": 22.679003755118774,
    "sep_ba_uw": 3.417605796044494,
    "sep_rr_uw": 218.06738811816922
  },
  "gates": {
    "G44a": {
      "passed": true,
      "value": 28.70290158417083,
      "label": "QNG vs ER > 2 sigma"
    },
    "G44b": {
      "passed": true,
      "value": 5.419144671216115,
      "label": "QNG vs BA > 2 sigma"
    },
    "G44c": {
      "passed": true,
      "value": 261.9916863249475,
      "label": "QNG vs RR > 2 sigma"
    },
    "G44d": {
      "passed": true,
      "value": 0.0154479377453689,
      "label": "QNG gamma cel mai aproape de gamma_obs=1.85"
    },
    "gamma_obs_ref": 1.85,
    "dist_qng_vs_obs": 0.0154479377453689,
    "dist_null_min_vs_obs": 0.83010166969285
  },
  "summary": {
    "n_pass": 4,
    "n_total": 4,
    "all_pass": true,
    "timestamp": "2026-03-22T10:56:20.549223Z",
    "runtime_s": 28.21331
  }
}