name,n,k_avg,k_max,k_min,mu0,mu1,mu_max,E0_mode,n_IPR,cv_G,d_s,r2_ds,gate_mu1,gate_cv,gate_IPR,gate_E0,gate_ds,gate_ALL,elapsed_s
A0_Jaccard,280,9.38,16,8,0.0,0.2912,1.1053,0.3239,3.1939,0.3424,4.0821,0.9982,PASS,PASS,PASS,PASS,PASS,PASS,2.58
A1_ER,280,8.39,17,1,0.0,0.372773,1.6193,0.4848,4.0588,0.7579,4.5622,0.9964,PASS,FAIL,PASS,PASS,FAIL,FAIL,2.52
A2_BA_m4,280,7.93,57,4,0.0,0.358123,1.6274,0.4932,3.5431,0.581,4.4703,0.9986,PASS,FAIL,PASS,PASS,PASS,FAIL,2.48
A3_Grid2D,256,8.0,8,8,0.0,0.05709,0.2656,0.2136,2.2463,0.0461,2.2033,0.9974,PASS,PASS,PASS,PASS,FAIL,FAIL,2.23
A4_kNN2D,280,9.37,15,8,6.6e-05,0.010782,0.2694,0.1764,3.9623,0.2586,1.7818,0.9934,PASS,PASS,PASS,PASS,FAIL,FAIL,2.56
A5_Sparse_k3,280,3.37,12,0,0.002632,0.140105,1.8689,0.4741,18.1996,1.3174,2.3585,0.9977,PASS,FAIL,FAIL,PASS,FAIL,FAIL,2.28
A6_Complete,280,279.0,279,279,0.0,1.003584,1.0036,0.5044,2.9973,0.3055,4.4948,0.9293,PASS,PASS,PASS,PASS,PASS,PASS,13.88
